{"cameraMode":{"drawMode":0,"name":"Shaded","section":"Shading Mode"},"sceneLighting":false,"audioPlay":false,"sceneViewState":{"showFog":true,"showMaterialUpdate":false,"showSkybox":false,"showFlares":true,"showImageEffects":true,"showParticleSystems":true},"in2DMode":false,"pivot":{"x":-5.670000076293945,"y":4.270000457763672,"z":-46.04999923706055},"rotation":{"x":0.24930542707443238,"y":-0.3332505524158478,"z":0.0917002260684967,"w":0.9048494100570679},"size":6.928203105926514,"orthographic":false}