{"cameraMode":{"drawMode":0,"name":"Shaded","section":"Shading Mode"},"sceneLighting":true,"audioPlay":false,"sceneViewState":{"showFog":true,"showMaterialUpdate":false,"showSkybox":true,"showFlares":true,"showImageEffects":true,"showParticleSystems":true},"in2DMode":false,"pivot":{"x":-14.695671081542969,"y":1.7420063018798829,"z":7.663383960723877},"rotation":{"x":0.27999064326286318,"y":-0.3546047508716583,"z":0.1120322197675705,"w":0.8851630091667175},"size":10.0,"orthographic":false}