{"cameraMode":{"drawMode":0,"name":"Shaded","section":"Shading Mode"},"sceneLighting":true,"audioPlay":false,"sceneViewState":{"showFog":true,"showMaterialUpdate":false,"showSkybox":true,"showFlares":true,"showImageEffects":true,"showParticleSystems":true},"in2DMode":false,"pivot":{"x":2.6426620483398439,"y":6.5232391357421879,"z":-0.51080322265625},"rotation":{"x":-0.3620927631855011,"y":0.16566067934036256,"z":-0.06553776562213898,"w":-0.9150182008743286},"size":16.310993194580079,"orthographic":false}