{"cameraMode":{"drawMode":0,"name":"Shaded","section":"Shading Mode"},"sceneLighting":true,"audioPlay":false,"sceneViewState":{"showFog":true,"showMaterialUpdate":false,"showSkybox":true,"showFlares":true,"showImageEffects":true,"showParticleSystems":true},"in2DMode":false,"pivot":{"x":-9.75951862335205,"y":-6.105593681335449,"z":-22.82927703857422},"rotation":{"x":-0.3612905442714691,"y":0.3877277076244354,"z":-0.16817021369934083,"w":-0.8314043283462524},"size":32.314842224121097,"orthographic":false}